{
    "name": "root",
    "gauges": {
        "RollerBall.Policy.Entropy.mean": {
            "value": 0.9257543087005615,
            "min": 0.9255073666572571,
            "max": 1.089441180229187,
            "count": 37
        },
        "RollerBall.Policy.Entropy.sum": {
            "value": 9262.171875,
            "min": 9251.84375,
            "max": 10647.5146484375,
            "count": 37
        },
        "RollerBall.Environment.EpisodeLength.mean": {
            "value": 8.648023143683703,
            "min": 7.173344235486509,
            "max": 28.157434402332363,
            "count": 37
        },
        "RollerBall.Environment.EpisodeLength.sum": {
            "value": 8968.0,
            "min": 5492.0,
            "max": 12544.0,
            "count": 37
        },
        "RollerBall.Step.mean": {
            "value": 499996.0,
            "min": 139986.0,
            "max": 499996.0,
            "count": 37
        },
        "RollerBall.Step.sum": {
            "value": 499996.0,
            "min": 139986.0,
            "max": 499996.0,
            "count": 37
        },
        "RollerBall.Policy.ExtrinsicValueEstimate.mean": {
            "value": 0.9095522165298462,
            "min": 0.6710501313209534,
            "max": 0.9259126782417297,
            "count": 37
        },
        "RollerBall.Policy.ExtrinsicValueEstimate.sum": {
            "value": 965.9444580078125,
            "min": 301.9725646972656,
            "max": 1128.8880615234375,
            "count": 37
        },
        "RollerBall.Environment.CumulativeReward.mean": {
            "value": 0.9401157105641517,
            "min": 0.8311953259192125,
            "max": 0.9401157105641517,
            "count": 37
        },
        "RollerBall.Environment.CumulativeReward.sum": {
            "value": 974.8999918550253,
            "min": 285.0999967902899,
            "max": 1138.1999890208244,
            "count": 37
        },
        "RollerBall.Policy.ExtrinsicReward.mean": {
            "value": 0.9401157105641517,
            "min": 0.8311953259192125,
            "max": 0.9401157105641517,
            "count": 37
        },
        "RollerBall.Policy.ExtrinsicReward.sum": {
            "value": 974.8999918550253,
            "min": 285.0999967902899,
            "max": 1138.1999890208244,
            "count": 37
        },
        "RollerBall.Losses.PolicyLoss.mean": {
            "value": 0.2346649736460968,
            "min": 0.2343517267362682,
            "max": 0.2477803853377395,
            "count": 37
        },
        "RollerBall.Losses.PolicyLoss.sum": {
            "value": 21.589177575440907,
            "min": 19.61230766902991,
            "max": 23.247186417340885,
            "count": 37
        },
        "RollerBall.Losses.ValueLoss.mean": {
            "value": 0.00817316446984724,
            "min": 0.004299563362763773,
            "max": 0.03979562018830858,
            "count": 37
        },
        "RollerBall.Losses.ValueLoss.sum": {
            "value": 0.751931131225946,
            "min": 0.3998593927370309,
            "max": 3.513842175216795,
            "count": 37
        },
        "RollerBall.Policy.LearningRate.mean": {
            "value": 3.033098988999998e-06,
            "min": 3.033098988999998e-06,
            "max": 0.0002190141484238643,
            "count": 37
        },
        "RollerBall.Policy.LearningRate.sum": {
            "value": 0.00027904510698799985,
            "min": 0.00027904510698799985,
            "max": 0.0187435489521512,
            "count": 37
        },
        "RollerBall.Policy.Epsilon.mean": {
            "value": 0.101011,
            "min": 0.101011,
            "max": 0.17300470714285715,
            "count": 37
        },
        "RollerBall.Policy.Epsilon.sum": {
            "value": 9.293012000000001,
            "min": 9.293012000000001,
            "max": 15.0478488,
            "count": 37
        },
        "RollerBall.Policy.Beta.mean": {
            "value": 0.0005000000000000001,
            "min": 0.0005000000000000001,
            "max": 0.0005000000000000001,
            "count": 37
        },
        "RollerBall.Policy.Beta.sum": {
            "value": 0.04600000000000001,
            "min": 0.04100000000000001,
            "max": 0.048000000000000015,
            "count": 37
        },
        "RollerBall.IsTraining.mean": {
            "value": 1.0,
            "min": 1.0,
            "max": 1.0,
            "count": 37
        },
        "RollerBall.IsTraining.sum": {
            "value": 1.0,
            "min": 1.0,
            "max": 1.0,
            "count": 37
        }
    },
    "metadata": {
        "timer_format_version": "0.1.0",
        "start_time_seconds": "1673361118",
        "python_version": "3.6.13 |Anaconda, Inc.| (default, Mar 16 2021, 11:37:27) [MSC v.1916 64 bit (AMD64)]",
        "command_line_arguments": "C:\\Users\\david\\anaconda3\\envs\\RollerBallEnv\\Scripts\\mlagents-learn config/rollerball_complex_config.yaml --run-id=RollerBallComplex --resume",
        "mlagents_version": "0.28.0",
        "mlagents_envs_version": "0.28.0",
        "communication_protocol_version": "1.5.0",
        "pytorch_version": "1.10.2+cpu",
        "numpy_version": "1.19.5",
        "end_time_seconds": "1673364499"
    },
    "total": 3381.0265456,
    "count": 1,
    "self": 0.00969920000034108,
    "children": {
        "run_training.setup": {
            "total": 0.2024601,
            "count": 1,
            "self": 0.2024601
        },
        "TrainerController.start_learning": {
            "total": 3380.8143863,
            "count": 1,
            "self": 8.14035619991273,
            "children": {
                "TrainerController._reset_env": {
                    "total": 196.8956802,
                    "count": 1,
                    "self": 196.8956802
                },
                "TrainerController.advance": {
                    "total": 3175.7043905000874,
                    "count": 401042,
                    "self": 7.751797800344775,
                    "children": {
                        "env_step": {
                            "total": 2610.772256399795,
                            "count": 401042,
                            "self": 2178.605665999882,
                            "children": {
                                "SubprocessEnvManager._take_step": {
                                    "total": 427.04105840003257,
                                    "count": 401043,
                                    "self": 16.993709100003855,
                                    "children": {
                                        "TorchPolicy.evaluate": {
                                            "total": 410.0473493000287,
                                            "count": 369704,
                                            "self": 104.04524359998425,
                                            "children": {
                                                "TorchPolicy.sample_actions": {
                                                    "total": 306.00210570004447,
                                                    "count": 369704,
                                                    "self": 306.00210570004447
                                                }
                                            }
                                        }
                                    }
                                },
                                "workers": {
                                    "total": 5.125531999880252,
                                    "count": 401042,
                                    "self": 0.0,
                                    "children": {
                                        "worker_root": {
                                            "total": 3157.877215200164,
                                            "count": 401042,